{"train/loss": 0.0087, "train/grad_norm": 0.25090476870536804, "train/learning_rate": 0.0, "train/epoch": 1.0, "train/global_step": 6, "_timestamp": 1713148319.484202, "_runtime": 32.131919860839844, "_step": 6, "train/train_runtime": 33.3075, "train/train_samples_per_second": 0.18, "train/train_steps_per_second": 0.18, "train/total_flos": 4825207898112.0, "train/train_loss": 0.398198243851463, "_wandb": {"runtime": 28}}