{"train/loss": 0.5021, "train/grad_norm": 1.6594816446304321, "train/learning_rate": 8.333333333333334e-06, "train/epoch": 0.83, "train/global_step": 5, "_timestamp": 1713951026.2495098, "_runtime": 96.7310037612915, "_step": 4}