{"train/loss": 0.898, "train/grad_norm": 3.1883182525634766, "train/learning_rate": 2.5e-05, "train/epoch": 0.5, "train/global_step": 3, "_timestamp": 1713925846.302902, "_runtime": 19.25980496406555, "_step": 2, "_wandb": {"runtime": 27}}