{"train/loss": 0.5387, "train/grad_norm": 3.2688746452331543, "train/learning_rate": 8.333333333333334e-06, "train/epoch": 0.83, "train/global_step": 5, "_timestamp": 1713883328.158761, "_runtime": 43.754871129989624, "_step": 4}